-- =====================================================
-- Seed: Brands + Base Products + Base Ingredients
-- Run this AFTER migrations 001 and 002
-- =====================================================

-- Brands
insert into brands (id, name, name_ar) values
  ('ti', 'Three In', 'ثري إن'),
  ('bb', 'Bab Al Balad', 'باب البلد')
on conflict (id) do nothing;

-- ─────────────────────────────────────────────────────────────────
-- THREE IN (ti) — Products (Meal)
-- ─────────────────────────────────────────────────────────────────
insert into products (sku, brand_id, name, category, price, app_price, app_sku, is_semi, is_base) values
('sk-0288','ti','American lettuce','Meal',2.0,null,null,false,true),
('sk-0287','ti','Extra Tenderloin','Meal',16.0,null,null,false,true),
('sk-0284','ti','Cheesesteak Tenderloin L Meal + soft drink + fries','Meal',53.0,56.0,'sk-0285',false,true),
('sk-0282','ti','Cheesesteak Tenderloin R Meal + soft drink + fries','Meal',43.0,46.0,'sk-0283',false,true),
('sk-0279','ti','BMT L','Meal',36.0,null,null,false,true),
('sk-0278','ti','Ice cream L','Meal',12.0,null,null,false,true),
('sk-0276','ti','CheesesSteak Tenderloin L','Meal',43.0,46.0,'sk-0280',false,true),
('sk-0275','ti','CheesesSteak Tenderloin R','Meal',33.0,36.0,'sk-0281',false,true),
('sk-0268','ti','Sweet potato','Meal',15.0,null,null,false,true),
('sk-0267','ti','Staff meal burger +fries+pepsi','Meal',24.0,null,null,false,true),
('sk-0266','ti','staff meal omelet +fries +pepsi','Meal',15.0,null,null,false,true),
('sk-0265','ti','staff meal chicken +fries+pepsi','Meal',17.0,null,null,false,true),
('sk-0253','ti','MEAL B -D +soft drink + fries','Meal',49.0,52.0,'sk-0273',false,true),
('sk-0252','ti','MEAL B-S +soft drink+ fries','Meal',39.0,42.0,'sk-0274',false,true),
('sk-0251','ti','Cheese fries with chicken','Meal',34.0,21.0,'sk-0247',false,true),
('sk-0232','ti','Mix cheese','Meal',6.0,null,null,false,true),
('sk-0231','ti','Red chili sauce','Meal',6.0,null,null,false,true),
('sk-0230','ti','CHEESE FRIES','Meal',21.0,44.0,'sk-0248',false,true),
('sk-0222','ti','Honey BBQ sauce','Meal',5.0,null,null,false,true),
('sk-0220','ti','Extra Meat','Meal',25.0,27.0,'sk-0158',false,true),
('sk-0214','ti','Extra cheese','Meal',2.0,null,null,false,true),
('sk-0213','ti','Caramelized onion','Meal',3.0,3.0,'sk-0182',false,true),
('sk-0212','ti','Crispy onion','Meal',3.0,3.0,'sk-0183',false,true),
('sk-0211','ti','Extra Cajun','Meal',1.0,1.0,'sk-0179',false,true),
('sk-0210','ti','Hony mustard sauce App','Meal',7.0,null,null,false,true),
('sk-0209','ti','Hony mustard sauce','Meal',6.0,null,null,false,true),
('sk-0208','ti','honey mustard crispy chicken App','Meal',36.0,null,null,false,true),
('sk-0207','ti','Truffle sauce','Meal',7.0,null,null,false,true),
('sk-0188','ti','honey mustard crispy chicken','Meal',32.0,null,null,false,true),
('sk-0178','ti','Mashed potato plain','Meal',10.0,10.0,'sk-0181',false,true),
('sk-0155','ti','ذرة-SWEET CORN','Meal',15.0,16.0,'sk-0175',false,true),
('sk-0154','ti','Mashed potato with mushroom','Meal',16.0,16.0,'sk-0186',false,true),
('sk-0153','ti','mushroom sauce','Meal',8.0,8.0,'sk-0180',false,true),
('sk-0145','ti','Milk shake vanilla (half)','Meal',14.0,null,null,false,true),
('sk-0143','ti','Cheese fries with steak','Meal',44.0,null,null,false,true),
('sk-0140','ti','MilkShake peantbutter','Meal',24.0,null,null,false,true),
('sk-0139','ti','Milkshake strawberry','Meal',24.0,null,null,false,true),
('sk-0138','ti','MilkShake oreo','Meal',24.0,24.0,'sk-0184',false,true),
('sk-0127','ti','MilkShake - APP','Meal',23.0,null,null,false,true),
('sk-0124','ti','MilkShake vanillia','Meal',21.0,null,null,false,true),
('sk-0119','ti','Soft Drinks','Meal',6.0,null,null,false,true),
('sk-0118','ti','Sparkling Water','Meal',9.0,9.0,'sk-0121',false,true),
('sk-0117','ti','Water','Meal',4.0,4.0,'sk-0104',false,true),
('sk-0113','ti','Smash burger Sauce','Meal',5.0,5.0,'sk-0097',false,true),
('sk-0112','ti','Red Sauce','Meal',5.0,5.0,'sk-0096',false,true),
('sk-0111','ti','White Sauce','Meal',5.0,5.0,'sk-0095',false,true),
('sk-0110','ti','CheeseSteak Black Angus L','Meal',58.0,null,null,false,true),
('sk-0109','ti','CheeseSteak Black Angus R','Meal',48.0,49.0,'sk-0088',false,true),
('sk-0108','ti','Smashed Burger L','Meal',39.0,43.0,'sk-0087',false,true),
('sk-0107','ti','Smashed Burger R','Meal',29.0,33.0,'sk-0086',false,true),
('sk-0106','ti','Cajun Fries','Meal',15.0,16.0,'sk-0091',false,true),
('sk-0105','ti','Regular Fries','Meal',13.0,14.0,'sk-0090',false,true),
('sk-0099','ti','Soft Drinks (APPS)','Meal',6.0,null,null,false,true)
on conflict (sku, brand_id) do nothing;

-- THREE IN (ti) — Semi Products (Batch)
insert into products (sku, brand_id, name, category, price, is_semi, is_base) values
('sk-0236','ti','جبنة شيدر سائلة - مصتع','Batch',0.0,true,true),
('sk-0232','ti','فلفل مجروش + سيراشا بودر','Batch',0.0,true,true),
('sk-0199','ti','صوص الملفوف -مصنع','Batch',0.0,true,true),
('sk-0198','ti','محلول  نقح دجاج -مصنع','Batch',0.0,true,true),
('sk-0197','ti','خليط الدقيق - مصنع','Batch',0.0,true,true),
('sk-0196','ti','خليط البانكو -مصنع','Batch',0.0,true,true),
('sk-0195','ti','ترافل صوص -مصنع','Batch',0.0,true,true),
('sk-0115','ti','صوص البيون - مصنع','Batch',0.0,true,true),
('sk-0108','ti','بطاط مهروسة  -مصنع','Batch',0.0,true,true),
('sk-0107','ti','ماشروم صوص - مصنع','Batch',0.0,true,true),
('sk-0103','ti','لحم مكس برجر باتي  جديد - مصنع','Batch',0.0,true,true),
('sk-0100','ti','خلطة ملك شك - مصنع','Batch',0.0,true,true),
('sk-0099','ti','صلصة زبدة الفول السوداني- مصنع','Batch',0.0,true,true),
('sk-0097','ti','قرفة + سكر مكس - مصنع','Batch',0.0,true,true),
('sk-0096','ti','ماشروم سوتيه - مصنع','Batch',0.0,true,true),
('sk-0095','ti','فلفل اخضر سوتيه - مصنع','Batch',0.0,true,true),
('sk-0094','ti','بصل مكرمل - مصنع','Batch',0.0,true,true),
('sk-0093','ti','بهارات مكس ملح + فلفل اسود - مصنع','Batch',0.0,true,true),
('sk-0091','ti','بصل كريسبي باتيه - مصنع','Batch',0.0,true,true),
('sk-0090','ti','لحم برجر مكس سماش - مصنع','Batch',0.0,true,true),
('sk-0083','ti','صوص هاني ماسترد- مصنع','Batch',0.0,true,true),
('sk-0080','ti','صوص سماش  برجر - مصنع','Batch',0.0,true,true),
('sk-0079','ti','صوص ابيض استك - مصنع','Batch',0.0,true,true),
('sk-0077','ti','لحم تشاك رول ارجنتيني برجر - مصنع','Batch',0.0,true,true),
('sk-0076','ti','صوص  احمر حار - مصنع','Batch',0.0,true,true),
('sk-0075','ti','لحم بلاك انجوس ريب اي ارجنتيني  -مصنع','Batch',0.0,true,true)
on conflict (sku, brand_id) do nothing;

-- THREE IN (ti) — Ingredients
insert into ingredients (sku, brand_id, name, category, unit, cost, is_base) values
('sk-0182','ti','شو كلاته حبوب هيرش','بقالة','جرام',0.000099,true),
('sk-0104','ti','سوفلية براوني','بقالة','حبة',0.0,true),
('sk-0102','ti','بيض عادي','بقالة','حبة',0.014444,true),
('sk-0088','ti','لبن المراعي','بقالة','ميليلتر',0.0,true),
('sk-0025','ti','كارميل','بقالة','جرام',0.000005,true),
('sk-0014','ti','خلطة التغطية للقلي','بقالة','جرام',0.0,true),
('sk-0089','ti','قرفة ناعم فرشلي','بهارات','جرام',0.0,true),
('sk-0230','ti','عيدان اسنان مغلف 1000 حبة','خشب','علبة',0.0,true),
('sk-0035','ti','زيت دلال تنك','زيوت','ميليلتر',0.0,true),
('sk-0181','ti','مايونيز كبير','صلصات & صوصات','جرام',0.000004,true),
('sk-0101','ti','فرنش توست كيك','مخبوزات','جرام',0.0,true),
('sk-0257','ti','بيف هود دوج','دجاج','جرام',0.0,true),
('sk-0192','ti','صدور دجاج تندر 2.5*4','دجاج','جرام',0.000018,true),
('sk-0085','ti','صدور دجاج المراعي','دجاج','جرام',0.0,true),
('sk-0004','ti','لحم تشاك رول ارجنتيني','لحوم','جرام',0.00004,true),
('sk-0003','ti','لحم بلاك انجوس ريب اي ارجنتيني','لحوم','جرام',0.000101,true),
('sk-0105','ti','CHOCOLATE SAUCE -FACTORY','مشروبات','ميليلتر',0.000006,true),
('sk-0005','ti','مياة نوفا غازية','مشروبات','زجاجة',0.086806,true),
('sk-0002','ti','مياة نوفا عادي','مشروبات','زجاجة',0.052917,true),
('sk-0001','ti','مشروب غازي','مشروبات','زجاجة',0.081738,true),
('sk-0258','ti','جبنة موتزريلا','اجبان','جرام',0.0,true),
('sk-0239','ti','جبنة شيدر سائلة بيضاء المراعي','اجبان','جرام',0.000063,true),
('sk-0238','ti','جبنة شيدر بيضاء','اجبان','جرام',0.000057,true),
('sk-0237','ti','جبنة شيدر حمراء','اجبان','جرام',0.000056,true),
('sk-0193','ti','صلصة جبنة الشيدر ريليانس معتق 3 كيلو','اجبان','جرام',0.000004,true),
('sk-0187','ti','جبنة جوداء','اجبان','جرام',0.0,true),
('sk-0010','ti','جبنة شيدر شرائح','اجبان','جرام',0.000014,true),
('sk-0247','ti','جمبري 30/40 بدون ثلج كامل','اسماك','جرام',0.0,true),
('sk-0098','ti','بسكوت زبدة فول سوداني','بقالة','حبة',0.051267,true),
('sk-0084','ti','سكر ابيض ناعم','بقالة','جرام',0.000005,true),
('sk-0038','ti','بسكوت اوريو كلاسيك','بقالة','حبة',0.023905,true),
('sk-0023','ti','بانسوفت ايس كريم','بقالة','جرام',0.000046,true),
('sk-0009','ti','حليب نادك','بقالة','مليلتر',0.000004,true),
('sk-0259','ti','بكنج بودر','بهارات','علبة',2.6083,true),
('sk-0256','ti','بهارات فرشلي','بهارات','جرام',0.000648,true),
('sk-0254','ti','فرشلي ورق حصى البان 170ج','بهارات','جرام',0.000711,true),
('sk-0235','ti','شيلي بودر','بهارات','جرام',0.000049,true),
('sk-0234','ti','سيراشا بودر','بهارات','جرام',0.0,true),
('sk-0233','ti','فلفل مجروش','بهارات','جرام',0.004519,true),
('sk-0194','ti','خلطة دجاج  كريسبي ofood','بهارات','جرام',0.0,true),
('sk-0188','ti','كولتالي كارباتشيو الكماة','بهارات','جرام',0.0,true),
('sk-0186','ti','باربيكا مدخنة بودرة','بهارات','جرام',0.005615,true),
('sk-0092','ti','بصل مطحون فرشلي','بهارات','جرام',0.004594,true),
('sk-0082','ti','زعتر مجفف','بهارات','جرام',0.0,true),
('sk-0081','ti','ثوم مطحون','بهارات','جرام',0.000074,true),
('sk-0030','ti','توابل الكيجن','بهارات','جرام',0.001062,true),
('sk-0022','ti','فلفل اسود حب','بهارات','جرام',0.0,true),
('sk-0020','ti','كيجن','بهارات','جرام',0.0,true),
('sk-0019','ti','نشاء ابيض','بهارات','جرام',0.000004,true),
('sk-0016','ti','ملح خشن','بهارات','جرام',0.000002,true),
('sk-0013','ti','بانكو كبير','بهارات','جرام',0.000025,true),
('sk-0012','ti','بانكو صغير','بهارات','جرام',0.0,true),
('sk-0011','ti','ملح طبخ','بهارات','جرام',0.000015,true),
('sk-0255','ti','بطاط حلوة','خضار','جرام',0.000018,true),
('sk-0253','ti','خيار طازج','خضار','جرام',0.0,true),
('sk-0252','ti','خس مدور اسباني','خضار','جرام',0.00001,true),
('sk-0251','ti','طماطم طازجة','خضار','جرام',0.0,true),
('sk-0231','ti','بصل اخضر','خضار','جرام',0.0,true),
('sk-0211','ti','جزر','خضار','جرام',0.000006,true),
('sk-0210','ti','ملفوف احمر (كرنب )','خضار','جرام',0.000006,true),
('sk-0209','ti','ملفوف ابيض (كرنب )','خضار','جرام',0.000004,true),
('sk-0208','ti','بطاطس مجمد','خضار','جرام',0.0,true),
('sk-0207','ti','ليمون كبير','خضار','جرام',0.000007,true),
('sk-0183','ti','خيار مخلل','خضار','جرام',0.000028,true),
('sk-0178','ti','ذرة كورن','خضار','قطعة',0.0,true),
('sk-0114','ti','توت ازرق مجفف 200','خضار','جرام',0.0,true),
('sk-0042','ti','فطر ابيض - ماشروم','خضار','جرام',0.000028,true),
('sk-0041','ti','فلفل رومي اخضر','خضار','جرام',0.000007,true),
('sk-0040','ti','بطاطس عادي','خضار','جرام',0.000004,true),
('sk-0039','ti','بصل','خضار','جرام',0.000005,true),
('sk-0024','ti','هلابينو','خضار','جرام',0.000008,true),
('sk-0185','ti','زيت الكماه السوداء','زيوت','ميليلتر',0.001093,true),
('sk-0184','ti','زيت الكماه البيضاء','زيوت','مليلتر',0.0,true),
('sk-0087','ti','زبدة نادك','زيوت','جرام',0.00082,true),
('sk-0086','ti','كريمة طبخ المراعي','زيوت','ميليلتر',0.000016,true),
('sk-0036','ti','زيت عادي صويا','زيوت','ميليلتر',0.000001,true),
('sk-0021','ti','زيت العافية','زيوت','ميليلتر',0.000002,true),
('sk-0214','ti','كاتشب هانز','صلصات & صوصات','جرام',0.000042,true),
('sk-0213','ti','خل بونتي جديد','صلصات & صوصات','مليلتر',0.00008,true),
('sk-0116','ti','دبس رمان','صلصات & صوصات','جرام',0.0,true),
('sk-0111','ti','كاتشب شفرات','صلصات & صوصات','حبة',0.000077,true),
('sk-0037','ti','صلصة الباربيكيو','صلصات & صوصات','جرام',0.000043,true),
('sk-0034','ti','صلصة الصويا','صلصات & صوصات','ميليلتر',0.000105,true),
('sk-0033','ti','خل طبيعي','صلصات & صوصات','ميليلتر',0.000051,true),
('sk-0032','ti','صلصة اللحم','صلصات & صوصات','ميليلتر',0.000137,true),
('sk-0031','ti','مايونيز','صلصات & صوصات','جرام',0.000082,true),
('sk-0029','ti','خردل صغير','صلصات & صوصات','جرام',0.000137,true),
('sk-0028','ti','صلصة ورشستر','صلصات & صوصات','جرام',0.000131,true),
('sk-0027','ti','عسل','صلصات & صوصات','جرام',0.000032,true),
('sk-0026','ti','توباسكو','صلصات & صوصات','جرام',0.000084,true),
('sk-0015','ti','كاتشب كبير','صلصات & صوصات','جرام',0.000003,true),
('sk-0260','ti','فلية بقر يرازيلي مجمد تندر لوين','لحوم','جرام',0.0,true),
('sk-0191','ti','سجق فرشلي لحم','لحوم','جرام',0.0,true),
('sk-0017','ti','دقيق ابيض','مخبوزات','جرام',0.000002,true),
('sk-0008','ti','خبز بريوش برجر','مخبوزات','حبة',1.59835,true),
('sk-0007','ti','خبز بريوش صغير','مخبوزات','حبة',1.55,true),
('sk-0006','ti','خبز بريوش كبير','مخبوزات','حبة',1.65,true),
('sk-0043','ti','سيروب استروبري','مشروبات','ميليلتر',0.000049,true),
('sk-0190','ti','قفازات بلاستيك شفاف','بلاستيك','حبة',0.000086,true),
('sk-0180','ti','كاسات شفاف صغير','بلاستيك','حبة',0.0,true),
('sk-0179','ti','كاسات 8 اونز','بلاستيك','حبة',0.003698,true),
('sk-0167','ti','مغرفة بطاطس ابيض 12 اونز','بلاستيك','حبة',0.000145,true),
('sk-0166','ti','غطاء علب دائري 450/250','بلاستيك','حبة',0.000657,true),
('sk-0072','ti','اكياس علاقي مقاس 15 شفاف','بلاستيك','جرام',0.0,true),
('sk-0071','ti','مصاص عصير بلاستيك','بلاستيك','حبة',0.000707,true),
('sk-0067','ti','علب صوص اسود 2 اونز','بلاستيك','حبة',0.000535,true),
('sk-0055','ti','شوك مغلف اسود','بلاستيك','حبة',0.000087,true),
('sk-0054','ti','سكاكين مغلف اسود','بلاستيك','حبة',0.00029,true),
('sk-0053','ti','ملاعق اكل مغلف اسود','بلاستيك','حبة',0.00008,true),
('sk-0047','ti','غطاء كاسات شفافة','بلاستيك','حبة',0.000224,true),
('sk-0046','ti','كاسات شفافة 16 اونز','بلاستيك','حبة',0.000223,true),
('sk-0189','ti','اعواد خيزران 1*200','خشب','ربطة',1.299387,true),
('sk-0070','ti','قصدير تغليف احمر 250MM*355MM','قصدير','حبة',0.000996,true),
('sk-0069','ti','قصدير تغليف اسود 250MM*355MM','قصدير','حبة',0.001,true),
('sk-0165','ti','وعاء دائري كرتوني 250 مل','كرتون','حبة',0.002887,true),
('sk-0052','ti','نايلون تغليف','نايلون','رول',22.24715,true),
('sk-0113','ti','ورق عازل','ورق','حبة',0.000006,true),
('sk-0110','ti','ورق تاريخ رول','ورق','حبة',0.068251,true),
('sk-0073','ti','كاسات ورقية 12 اونز','ورق','حبة',0.000157,true),
('sk-0068','ti','مناديل معطر ابيض','ورق','حبة',0.000108,true),
('sk-0066','ti','اكياس ورقية مقاس 15 احمر','ورق','حبة',0.006,true),
('sk-0065','ti','اكياس ورقية مقاس 13 اسود','ورق','حبة',0.006,true),
('sk-0064','ti','مناديل ابيض عادي','ورق','حبة',0.000132,true),
('sk-0051','ti','حامل كاسات فتحتين','ورق','حبة',0.000512,true),
('sk-0050','ti','حامل كاسات اربع فتحات','ورق','حبة',0.00096,true),
('sk-0049','ti','ورق تغليف بطبقة عازلة','ورق','حبة',0.00018,true),
('sk-0048','ti','ورق زبدة','ورق','سم',0.0,true)
on conflict (sku, brand_id) do nothing;

-- ─────────────────────────────────────────────────────────────────
-- BAB AL BALAD (bb) — Products (Meal)
-- ─────────────────────────────────────────────────────────────────
insert into products (sku, brand_id, name, category, price, is_semi, is_base) values
('sk-0160','bb','حليب مبخر','Meal',5.0,false,true),
('sk-0159','bb','مشكل بطاطس','Meal',12.0,false,true),
('sk-0158','bb','وجبة اقتصاديه -meal','Meal',16.0,false,true),
('sk-0157','bb','ملوخيه مع الارز  -mulukhiyah with white rice','Meal',15.0,false,true),
('sk-0156','bb','ارز ابيض ساده -plain white rice','Meal',10.0,false,true),
('sk-0155','bb','باميه -bamyyeh','Meal',14.0,false,true),
('sk-0154','bb','سلطة خضار -Vegetable salad','Meal',12.0,false,true),
('sk-0153','bb','محمر دجاج -Chicken Muhammar','Meal',24.5,false,true),
('sk-0152','bb','كبسة باب البلد دجاج -Chicken Kabsa Bab Al Balad','Meal',24.5,false,true),
('sk-0137','bb','وجبة الفطور -Breakfast','Meal',27.0,false,true),
('sk-0136','bb','زيت زيتون','Meal',3.0,false,true),
('sk-0133','bb','شطه حار','Meal',2.0,false,true),
('sk-0131','bb','طحينه كبير','Meal',4.0,false,true),
('sk-0130','bb','طحينه صغير','Meal',2.0,false,true),
('sk-0109','bb','بطاطس مقليه','Meal',12.0,false,true),
('sk-0104','bb','بيبسي دايت - Diet Pepsi','Meal',7.0,false,true),
('sk-0103','bb','ميرندا برتقال - Miranda Orange','Meal',7.0,false,true),
('sk-0102','bb','ميرندا حمضيات - Mirinda citrus','Meal',7.0,false,true),
('sk-0101','bb','سفن اب - 7Up','Meal',7.0,false,true),
('sk-0094','bb','سمبوسه لحم - Meat samosa','Meal',14.0,false,true),
('sk-0093','bb','سمبوسه جبن - Cheese samosa','Meal',14.0,false,true),
('sk-0077','bb','زيتون مع الزعتر- Olives with thyme','Meal',8.0,false,true),
('sk-0075','bb','مربى فراولة - strawberry jam','Meal',8.0,false,true),
('sk-0074','bb','عسل سدر - sidr honey','Meal',20.0,false,true),
('sk-0073','bb','عسل - honey','Meal',8.0,false,true),
('sk-0072','bb','نوتيلا - Nutella','Meal',8.0,false,true),
('sk-0070','bb','جبنة حلوم - Halloum cheese','Meal',22.0,false,true),
('sk-0069','bb','جبنة قشقوان - Kashkaval cheese','Meal',15.0,false,true),
('sk-0067','bb','جبنة عكاوي - Akkawi cheese','Meal',15.0,false,true),
('sk-0066','bb','جبنة بيضاء وجبنة شيدر -  White cheese and cheddar cheese','Meal',10.0,false,true),
('sk-0065','bb','جبنة سائلة - Liquid cheese','Meal',8.0,false,true),
('sk-0064','bb','قشطة - cream','Meal',8.0,false,true),
('sk-0063','bb','لبنة - Labneh','Meal',8.0,false,true),
('sk-0062','bb','حلاوة طحينية - halawat tahinia','Meal',8.0,false,true),
('sk-0061','bb','زيتون - zaytun','Meal',8.0,false,true),
('sk-0060','bb','تعتيمة زمان - tatymat zaman','Meal',37.0,false,true),
('sk-0059','bb','عصير ليمون نعناع - Lemon mint juice','Meal',18.0,false,true),
('sk-0058','bb','عصير برتقال - orange juice','Meal',19.0,false,true),
('sk-0057','bb','بيبسي - Pepsi','Meal',7.0,false,true),
('sk-0056','bb','مياه معدنية - Mineral water','Meal',5.0,false,true),
('sk-0055','bb','قهوة اليوم - Today coffee','Meal',8.0,false,true),
('sk-0054','bb','دلة قهوة عربي - Arabic coffee dallah','Meal',15.0,false,true),
('sk-0053','bb','براد شاي عدني - Adani tea teapot','Meal',20.0,false,true),
('sk-0052','bb','براد شاي حليب - melk tea teapot','Meal',20.0,false,true),
('sk-0051','bb','براد شاي اخضر - green tea teapot','Meal',13.0,false,true),
('sk-0050','bb','براد شاي احمر - red tea teapot','Meal',13.0,false,true),
('sk-0049','bb','كاسة شاي عدني - Adani Tea Cup','Meal',5.0,false,true),
('sk-0048','bb','كاسة شاي حليب - cup of milk tea','Meal',5.0,false,true),
('sk-0047','bb','كاسة شاي اخضر -  cup of green tea','Meal',3.0,false,true),
('sk-0046','bb','كاسة شاي احمر - cup of red tea','Meal',3.0,false,true),
('sk-0045','bb','خبز ملوح - Mallouh bread','Meal',4.0,false,true),
('sk-0044','bb','فطيرة - pie','Meal',3.0,false,true),
('sk-0043','bb','تميس زعتر بالزيت الزيتون - Zaatar Tamees with olive oil','Meal',9.0,false,true),
('sk-0042','bb','تميس جبنة شيدر - Cheddar cheese tamis','Meal',10.0,false,true),
('sk-0041','bb','تميس بر - Tamees bur','Meal',4.0,false,true),
('sk-0040','bb','تميس حلاوه - Sweet Tamees','Meal',9.0,false,true),
('sk-0039','bb','تميس سمن - Tamees ghee','Meal',5.0,false,true),
('sk-0038','bb','تميس بسكوت - biscuit','Meal',4.0,false,true),
('sk-0037','bb','تميس عادي - Regular Tamis','Meal',4.0,false,true),
('sk-0036','bb','عريكة دخن - Areeka Dakhn','Meal',29.0,false,true),
('sk-0035','bb','عريكة باب البلد - Bab Al-Balad Areeka','Meal',26.0,false,true),
('sk-0034','bb','عريكة قشطة عسل جبن شيدر - Areeka cream honey cheddar cheese','Meal',23.0,false,true),
('sk-0033','bb','عريكة قشطة عسل - Areeka with cream and honey','Meal',20.0,false,true),
('sk-0032','bb','عريكة قشطة - Areeka cream','Meal',16.0,false,true),
('sk-0031','bb','عريكة زمان - Areeka Zaman','Meal',12.0,false,true),
('sk-0030','bb','معصوب باب البلد - Masoub Bab Al Balad','Meal',26.0,false,true),
('sk-0029','bb','معصوب حليب - Milk masoub','Meal',15.0,false,true),
('sk-0028','bb','معصوب قشطة حليب - Milk cream masoub','Meal',22.0,false,true),
('sk-0027','bb','معصوب قشطة عسل - Honey cream masoub','Meal',20.0,false,true),
('sk-0026','bb','معصوب قشطة - Masoub cream','Meal',16.0,false,true),
('sk-0025','bb','معصوب زمان اول - Masoub','Meal',12.0,false,true),
('sk-0024','bb','فطيرة لبنة زعتر - Labneh and zaatar pie','Meal',16.0,false,true),
('sk-0023','bb','فطيرة نوتيلا - Nutella pie','Meal',19.0,false,true),
('sk-0022','bb','فطيرة جبنة شيدر باطماطم -  Cheddar cheese and tomato pie','Meal',15.0,false,true),
('sk-0021','bb','مطبق قشطة حلو - Sweet cream mutabbaq','Meal',14.0,false,true),
('sk-0020','bb','مطبق موز حلو - Sweet banana mutabbaq','Meal',14.0,false,true),
('sk-0019','bb','مطبق جبنة حلو - Sweet cheese mutabbaq','Meal',14.0,false,true),
('sk-0018','bb','مطبق تونه - Tuna mutabbaq','Meal',18.0,false,true),
('sk-0017','bb','مطبق خضار جبنة بيضاء - White cheese vegetable mutabbaq','Meal',17.0,false,true),
('sk-0016','bb','مطبق لحم - Mutabbaq meat','Meal',18.0,false,true),
('sk-0015','bb','مطبق خضار - Vegetable mutabbaq','Meal',16.0,false,true),
('sk-0014','bb','فاصوليا بيض - Egg beans','Meal',17.0,false,true),
('sk-0013','bb','تونه - tuna','Meal',21.0,false,true),
('sk-0012','bb','كبده اجبان - Liver with cheese','Meal',37.0,false,true),
('sk-0011','bb','كبده - Liver','Meal',33.0,false,true),
('sk-0010','bb','مقلقل لحم - Meat mqalqal','Meal',35.0,false,true),
('sk-0009','bb','بيض باب البلد - Bab al-Balad eggs','Meal',20.0,false,true),
('sk-0008','bb','شكشوكة باب البلد - Shakshuka Bab Al Balad','Meal',22.0,false,true),
('sk-0007','bb','شكشوكة - Shakshuka','Meal',17.0,false,true),
('sk-0006','bb','بيض اومليت - Omelette eggs','Meal',16.0,false,true),
('sk-0005','bb','بيض عيون - Eye eggs','Meal',15.0,false,true),
('sk-0004','bb','قلابة باب البلد - Bab al-Balad Qalabah','Meal',25.0,false,true),
('sk-0003','bb','قلابة - Qalabah','Meal',16.0,false,true),
('sk-0002','bb','فول مبخر - Foul mubakhar','Meal',17.0,false,true),
('sk-0001','bb','فول جره - foul Jarrah','Meal',15.0,false,true)
on conflict (sku, brand_id) do nothing;

-- BAB AL BALAD (bb) — Semi Products (Batch)
insert into products (sku, brand_id, name, category, price, is_semi, is_base) values
('sk-0155','bb','تصنيع لحم المطبق المفروم','Batch',0.0,true,true),
('sk-0156','bb','تصنيع فاصولياء البيضاء','Batch',0.0,true,true),
('sk-0157','bb','تصنيع عجينة تميز باب البلد','Batch',0.0,true,true),
('sk-0158','bb','تصنيع عجينة تميز البسكوت','Batch',0.0,true,true),
('sk-0159','bb','تصنيع عجينة تميز البر','Batch',0.0,true,true),
('sk-0160','bb','تصنيع عجينة المعصوب','Batch',0.0,true,true),
('sk-0161','bb','تصنيع عجينة المطبق','Batch',0.0,true,true),
('sk-0162','bb','تصنيع عجينة الدخن','Batch',0.0,true,true),
('sk-0163','bb','تصنيع صلصة الطماطم','Batch',0.0,true,true),
('sk-0164','bb','تصنيع جبنة الحلو للمطبق','Batch',0.0,true,true),
('sk-0165','bb','تصنيع تسمين العجين','Batch',0.0,true,true),
('sk-0166','bb','تصنيع شطه حار','Batch',0.0,true,true),
('sk-0167','bb','تصنيع شطة بارد','Batch',0.0,true,true),
('sk-0168','bb','تصنيع طحينه','Batch',0.0,true,true),
('sk-0169','bb','تصنيع الفلافل','Batch',0.0,true,true),
('sk-0170','bb','تصنيع الحمص','Batch',0.0,true,true),
('sk-0172','bb','تصنيع بهارات المطبق','Batch',0.0,true,true),
('sk-0173','bb','تصنيع بهارات العدني','Batch',0.0,true,true)
on conflict (sku, brand_id) do nothing;

-- BAB AL BALAD (bb) — Ingredients
insert into ingredients (sku, brand_id, name, category, unit, cost, is_base) values
('sk-0001','bb','كبدة معلاق','لحوم','جرام',0.04,true),
('sk-0002','bb','لحم عجل','لحوم','جرام',0.05,true),
('sk-0003','bb','هيل امريكي','بهارات وتوابل','جرام',0.166436,true),
('sk-0004','bb','لحم مفروم','لحوم','جرام',0.035,true),
('sk-0005','bb','قشطة ارقاء','مشتقات اجبان وحليب','حبه',0.0,true),
('sk-0006','bb','حليب لوناء 410جرام','مشتقات اجبان وحليب','لتر',0.005589,true),
('sk-0007','bb','حليب بودره الطائي','مشتقات اجبان وحليب','جرام',0.0271,true),
('sk-0008','bb','حليب الممتاز 170 جرام','مشتقات اجبان وحليب','ملي لتر',0.0,true),
('sk-0009','bb','جبنة موزاريلا 2.3كيلو','مشتقات اجبان وحليب','جرام',0.019022,true),
('sk-0010','bb','جبنة فيتا بيضاء 16 كيلو','مشتقات اجبان وحليب','جرام',0.0,true),
('sk-0011','bb','جبنة شيدر ياسمين 6*1.8 كجم','مشتقات اجبان وحليب','جرام',0.028601,true),
('sk-0012','bb','جبنة المراعي كاسات 900جرام','مشتقات اجبان وحليب','جرام',0.016667,true),
('sk-0013','bb','بيض حجم كبير الغربيه','مواد غذائية','حبه',0.0,true),
('sk-0014','bb','جبنه عكاوي','مشتقات اجبان وحليب','جرام',0.0,true),
('sk-0015','bb','جبنة قشقون','مشتقات اجبان وحليب','جرام',0.0,true),
('sk-0016','bb','جبنة حلوم','مشتقات اجبان وحليب','جرام',0.0248,true),
('sk-0017','bb','جبنة قريش','مشتقات اجبان وحليب','جرام',0.0,true),
('sk-0018','bb','زيتون كلاماتا','مواد غذائية','جرام',0.02,true),
('sk-0019','bb','زيتون مشوي','مواد غذائية','جرام',0.0,true),
('sk-0020','bb','قشطة بلدي','مشتقات اجبان وحليب','جرام',0.0,true),
('sk-0021','bb','عسل سدر','مواد غذائية','جرام',0.0,true),
('sk-0022','bb','مربى فروله','مواد غذائية','جرام',0.0,true),
('sk-0023','bb','مربى خوخ','مواد غذائية','جرام',0.0,true),
('sk-0024','bb','قشطة قيمر','مشتقات اجبان وحليب','جرام',0.016,true),
('sk-0025','bb','حليب ابو قوس 170 جرام','مشتقات اجبان وحليب','جرام',0.011642,true),
('sk-0026','bb','عسل الزهور الشفاء','مواد غذائية','جرام',0.0,true),
('sk-0027','bb','نعناع طازج','خضار وفواكة','جرام',0.0,true),
('sk-0028','bb','موز','خضار وفواكة','جرام',0.0,true),
('sk-0029','bb','ليمون صغير','خضار وفواكة','جرام',0.0,true),
('sk-0030','bb','ليمون افريقي','خضار وفواكة','جرام',0.0,true),
('sk-0031','bb','كزبرة طازجة','خضار وفواكة','جرام',0.0,true),
('sk-0032','bb','كراث','خضار وفواكة','جرام',0.0,true),
('sk-0033','bb','فلفل رومي (احمر)','خضار وفواكة','جرام',0.0,true),
('sk-0034','bb','فلفل رومي ( اخضر)','خضار وفواكة','جرام',0.0,true),
('sk-0035','bb','فلفل حار اخضر','خضار وفواكة','جرام',0.0,true),
('sk-0036','bb','طماكم ابو شوكه','خضار وفواكة','جرام',0.0,true),
('sk-0037','bb','ثوم','خضار وفواكة','جرام',0.0,true),
('sk-0038','bb','بطاطس طازجه','خضار وفواكة','جرام',0.0,true),
('sk-0039','bb','بصل اخضر','خضار وفواكة','جرام',0.0,true),
('sk-0040','bb','بصل احمر','خضار وفواكة','جرام',0.0,true),
('sk-0041','bb','برتقال','خضار وفواكة','جرام',0.0,true),
('sk-0042','bb','أوراق حبق طازجة','بهارات وتوابل','جرام',0.0,true),
('sk-0043','bb','خس اخضر','خضار وفواكة','جرام',0.0,true),
('sk-0044','bb','شمندر','خضار وفواكة','جرام',0.0,true),
('sk-0045','bb','زنجبيل فرش','خضار وفواكة','جرام',0.0,true),
('sk-0046','bb','افوكادو','خضار وفواكة','جرام',0.0,true),
('sk-0047','bb','خيار','خضار وفواكة','جرام',0.0,true),
('sk-0048','bb','جزر','خضار وفواكة','جرام',0.0,true),
('sk-0049','bb','نوتيلا','صوصات وصلصات','جرام',0.0,true),
('sk-0050','bb','مكعبات ماجي','بهارات وتوابل','جرام',0.0,true),
('sk-0051','bb','معجون الطماطم توسان 830 جرام','صوصات وصلصات','جرام',0.0,true),
('sk-0052','bb','معجون التمر 5 كيلو','مواد غذائية','جرام',0.0,true),
('sk-0053','bb','محسن خبز سعودي','مخبوزات','جرام',0.0123,true),
('sk-0054','bb','لبنة تركيه لبنيتا 2.750كيلو','مشتقات اجبان وحليب','جرام',0.0,true),
('sk-0055','bb','كاجو 10 كيلو','بهارات وتوابل','جرام',0.0,true),
('sk-0056','bb','فول مدام 400 جم * 24','خضار وفواكة','جرام',0.0,true),
('sk-0057','bb','فول جره','خضار وفواكة','جرام',0.0,true),
('sk-0058','bb','فحم طبيعي','فحم','جرام',0.0,true),
('sk-0059','bb','عجين الرقاق','مخبوزات','جرام',0.006087,true),
('sk-0060','bb','طحينيه الجميل15 كيلو','مواد غذائية','جرام',0.0,true),
('sk-0061','bb','صلصه رنا الحارة450جرام','صوصات وصلصات','جرام',0.0,true),
('sk-0062','bb','شاي الكبوس','مشروبات','جرام',0.0214,true),
('sk-0063','bb','شاي ابو جبل','مشروبات','جرام',0.062,true),
('sk-0064','bb','سمن قودي 12 قطعة * 1.36 كجم','زيوت','جرام',0.0,true),
('sk-0065','bb','سمن ارقى15 كيلو','زيوت','جرام',0.009,true),
('sk-0066','bb','سكر ناعم 50 كيلو','بهارات وتوابل','جرام',0.0215,true),
('sk-0067','bb','زيتون اسود الجوف','زيوت','جرام',0.024637,true),
('sk-0068','bb','زيتون اخضر الجوف','زيوت','جرام',0.024637,true),
('sk-0069','bb','زيت عافيه  2.9 لتر','زيوت','ملي لتر',0.043448,true),
('sk-0070','bb','زيت دلال نباتي 17 لتر','زيوت','ملي لتر',0.006118,true),
('sk-0071','bb','زيت الزيتون 10 لتر','زيوت','ملي لتر',0.021272,true),
('sk-0072','bb','دقيق بني - 45 / كجم','مخبوزات','جرام',0.000785,true),
('sk-0073','bb','دقيق المخابز الابيض','مخبوزات','جرام',0.000653,true),
('sk-0074','bb','دقيق الدخن','مخبوزات','جرام',0.006505,true),
('sk-0075','bb','خميره جافة فيكتوريا 500جرام','مخبوزات','جرام',0.0,true),
('sk-0076','bb','حلاوة طحينية 15 كيلو','مواد غذائية','جرام',0.0076,true),
('sk-0077','bb','تونه السعيده حجم 95 جرام','مواد غذائية','جرام',0.689951,true),
('sk-0078','bb','تونه السعيده حجم 185 جرام','مواد غذائية','جرام',0.0,true),
('sk-0079','bb','شاي اخضر','مشروبات','حبه',0.0,true),
('sk-0080','bb','قهوه اليوم','مشروبات','جرام',0.0,true),
('sk-0081','bb','قهوه عربي','مشروبات','جرام',0.038911,true),
('sk-0082','bb','ارز','ارز','جرام',0.0,true),
('sk-0083','bb','خل','بهارات وتوابل','ملي لتر',0.0,true),
('sk-0084','bb','تمر هندي','خضار وفواكة','جرام',0.0,true),
('sk-0085','bb','اصابع السكر المغلف','مواد غذائية','حبه',0.0,true),
('sk-0086','bb','سكر استافانيا','مواد غذائية','حبه',0.0,true),
('sk-0087','bb','كورن فليكس','مواد غذائية','جرام',0.0,true),
('sk-0088','bb','صلصله ارقي 800جرام','صوصات وصلصات','جرام',0.0,true),
('sk-0089','bb','كتشب رنا 550جرام','صوصات وصلصات','جرام',0.0,true),
('sk-0090','bb','كركديه','خضار وفواكة','جرام',0.0,true),
('sk-0094','bb','مناديل مبلله','مواد البلاستيك والتغليف','حبه',0.0,true),
('sk-0095','bb','طعقم معالق سفري 4*1','مواد البلاستيك والتغليف','حبه',60.83,true),
('sk-0096','bb','كاسات شاي ورقي 8 OZ','مواد البلاستيك والتغليف','حبه',0.0925,true),
('sk-0097','bb','كاسات عصير 16 OZ شفاف','مواد البلاستيك والتغليف','حبه',0.0,true),
('sk-0098','bb','مصاص','مواد البلاستيك والتغليف','حبه',0.0,true),
('sk-0099','bb','محراك شاي خشبي','مواد البلاستيك والتغليف','حبه',0.0,true),
('sk-0100','bb','صحون بلاستيك مقاس 500  مستطيل','مواد البلاستيك والتغليف','حبه',0.38,true),
('sk-0101','bb','صحون بلاستيك مقاس 700 مستطيل','مواد البلاستيك والتغليف','حبه',0.4,true),
('sk-0102','bb','علب دائريه مقاس450 جرام','مواد البلاستيك والتغليف','حبه',0.33632,true),
('sk-0103','bb','علب دائريه مقاس 100 جرام','مواد البلاستيك والتغليف','حبه',0.0,true),
('sk-0104','bb','علب دائريه مقاس  P2 صوص','مواد البلاستيك والتغليف','حبه',0.0,true),
('sk-0105','bb','اكياس بلاستيك مطبوعه باب البلد','مواد البلاستيك والتغليف','كيلو',0.0,true),
('sk-0106','bb','رول المنيوم مقاس 30','مواد البلاستيك والتغليف','حبه',27.511004,true),
('sk-0107','bb','رول تغليف شفاف','مواد البلاستيك والتغليف','حبه',0.0,true),
('sk-0108','bb','ورق زبده','مواد البلاستيك والتغليف','حبه',0.0,true),
('sk-0109','bb','سفره بلاستيك مقاس 120 *120','مواد البلاستيك والتغليف','حبه',0.000917,true),
('sk-0110','bb','اكياس ورقي مقاس 12 بني','مواد البلاستيك والتغليف','حبه',0.3646,true),
('sk-0122','bb','كرتون مطبق 240×240','مواد البلاستيك والتغليف','حبه',0.7,true),
('sk-0123','bb','صحون مطبق','مواد البلاستيك والتغليف','حبه',0.16,true),
('sk-0131','bb','ميرندا حمضيات','مشروبات','حبه',0.0,true),
('sk-0132','bb','ميرندا برتقال','مشروبات','حبه',0.0,true),
('sk-0133','bb','ماء نوفاء','مشروبات','حبه',1.39675,true),
('sk-0134','bb','سفن اب','مشروبات','حبه',1.8025,true),
('sk-0135','bb','بيبسي دايت','مشروبات','حبه',1.8025,true),
('sk-0136','bb','بيبسي','مشروبات','حبه',1.902083,true),
('sk-0137','bb','ملح علب 24 علبه  ساسا','بهارات وتوابل','جرام',0.003155,true),
('sk-0138','bb','مسحوق الزنجبيل','بهارات وتوابل','جرام',0.02783,true),
('sk-0139','bb','كيس ملح 50 كيلو','بهارات وتوابل','جرام',0.00072,true),
('sk-0140','bb','كزبره حب','بهارات وتوابل','جرام',0.0,true),
('sk-0141','bb','كركم','بهارات وتوابل','جرام',0.01566,true),
('sk-0142','bb','قرنفل حب','بهارات وتوابل','جرام',0.0,true),
('sk-0143','bb','فلفل اسود حب','بهارات وتوابل','جرام',0.0,true),
('sk-0144','bb','فاصولياء يمنيه بيضاء','خضار وفواكة','جرام',0.0,true),
('sk-0145','bb','سمسم','بهارات وتوابل','جرام',0.0,true),
('sk-0146','bb','سماق الشروق كيلو','بهارات وتوابل','جرام',0.0,true),
('sk-0147','bb','زعتر السلام كيلو','بهارات وتوابل','جرام',0.0,true),
('sk-0148','bb','حبة سودا','بهارات وتوابل','جرام',0.0,true),
('sk-0149','bb','جوز الطيب','بهارات وتوابل','جرام',0.0,true),
('sk-0150','bb','بهارات الكبده','بهارات وتوابل','جرام',0.02975,true),
('sk-0151','bb','بذور الكمون','بهارات وتوابل','جرام',0.016,true),
('sk-0152','bb','اعواد القرفه','بهارات وتوابل','جرام',0.02173,true),
('sk-0153','bb','حمص حب','خضار وفواكة','جرام',0.003467,true),
('sk-0154','bb','بيكج بودر فوستر كلاركس 225 جرام','بهارات وتوابل','جرام',0.0,true),
('sk-0171','bb','عجين الملوح','مخبوزات','جرام',0.0,true),
('sk-0174','bb','دجاج','دجاج','جرام',0.0,true),
('sk-0175','bb','سمبوسه جبنه','مخبوزات','حبه',0.0,true),
('sk-0176','bb','سمبوسه لحم','مخبوزات','حبه',0.0,true),
('sk-0177','bb','صحون مكرويف 35 انز مقسم 6','مواد البلاستيك والتغليف','حبه',1.529133,true),
('sk-0178','bb','زعفران','بهارات وتوابل','جرام',17.3,true),
('sk-0179','bb','ارز الديوان','ارز','جرام',0.0048,true),
('sk-0180','bb','ارز الوليمه','ارز','جرام',0.0,true),
('sk-0181','bb','ارز ابو بنت','ارز','جرام',0.005425,true),
('sk-0183','bb','فول مجروش','خضار وفواكة','جرام',0.003333,true),
('sk-0184','bb','فول كامل','خضار وفواكة','جرام',0.005333,true),
('sk-0185','bb','علب دائريه للمعصوب مقاس25','مواد البلاستيك والتغليف','حبه',0.6,true),
('sk-0186','bb','شطة رناء','صوصات وصلصات','4',0.003417,true),
('sk-0187','bb','حليب بودر','مشتقات اجبان وحليب','جرام',0.0,true),
('sk-0188','bb','صلصة رناء','صوصات وصلصات','جرام',0.017269,true),
('sk-0189','bb','سمن فارم','زيوت','جرام',0.046803,true),
('sk-0190','bb','مربى توت','مواد غذائية','جرام',0.01026,true),
('sk-0191','bb','دجاج اليوم','دجاج','جرام',0.015,true),
('sk-0192','bb','اجي نموتو','بهارات وتوابل','جرام',0.022026,true),
('sk-0193','bb','بيبسي طويل 245مل','مشروبات','حبة',1.507333,true),
('sk-0194','bb','قصدير 150*30','مواد البلاستيك والتغليف','حبة',6.166667,true),
('sk-0195','bb','طقم ملاعق 1*5 اسود','مواد البلاستيك والتغليف','حبة',0.22,true),
('sk-0196','bb','غطاء كاسات اسود','مواد البلاستيك والتغليف','حبة',0.075,true),
('sk-0197','bb','ملون زعفران','بهارات وتوابل','جرام',0.02065,true),
('sk-0198','bb','ماء ورد 270مل','مشروبات','مليلتر',0.014969,true),
('sk-0199','bb','طماطم مقشرة الطائي 400 ج','مواد غذائية','جرام',0.006146,true),
('sk-0200','bb','ورق غار هندي','بهارات وتوابل','جرام',0.001,true),
('sk-0201','bb','ليمون ناشف مصري','بهارات وتوابل','جرام',0.013043,true),
('sk-0202','bb','فلفل عدني','خضار وفواكة','جرام',0.024349,true),
('sk-0203','bb','كاري مدراس','بهارات وتوابل','جرام',0.034782,true),
('sk-0204','bb','فصوليا يمني','خضار وفواكة','جرام',0.010434,true),
('sk-0205','bb','باميه','خضار وفواكة','جرام',0.012204,true),
('sk-0206','bb','بهارات السبعه','بهارات وتوابل','جرام',0.041667,true),
('sk-0207','bb','كاري مهران','بهارات وتوابل','جرام',0.02565,true),
('sk-0208','bb','تمر تنكه','مواد غذائية','جرام',0.006522,true),
('sk-0209','bb','ملاعق مغلفه','مواد البلاستيك والتغليف','شده',3.99425,true),
('sk-0210','bb','بابريكا حلوه','بهارات وتوابل','جرام',0.04,true),
('sk-0211','bb','ملوخيه','خضار وفواكة','جرام',0.0,true)
on conflict (sku, brand_id) do nothing;
